﻿<?xml version="1.0" encoding="utf-8"?>
<resources>
  <index root="\" startIndexAt="bld\868625fe-36a8-46c4-853c-69539c8be86f\layout.resfiles">
    <default>
      <qualifier name="language" value="en-us" />
      <qualifier name="contrast" value="standard" />
      <qualifier name="homeregion" value="001" />
    </default>
    <indexer-config type="RESFILES" qualifierDelimiter="." />
  </index>
  <index root="\" startIndexAt="bld\868625fe-36a8-46c4-853c-69539c8be86f\resources.resfiles">
    <default>
      <qualifier name="language" value="en-us" />
      <qualifier name="contrast" value="standard" />
      <qualifier name="homeregion" value="001" />
    </default>
    <indexer-config type="RESW" convertDotsToSlashes="true" />
    <indexer-config type="RESJSON" />
    <indexer-config type="RESFILES" qualifierDelimiter="." />
  </index>
</resources>