﻿<?xml version="1.0" encoding="utf-8"?>
<Package xmlns="http://schemas.microsoft.com/appx/2010/manifest">
  <Identity Name="868625fe-36a8-46c4-853c-69539c8be86f" Version="1.0.0.0" Publisher="CN=pasha" ProcessorArchitecture="neutral" />
  <Properties>
    <DisplayName>_1blankspace</DisplayName>
    <Description>_1blankspace</Description>
    <PublisherDisplayName>pasha</PublisherDisplayName>
    <Logo>images\storelogo.png</Logo>
  </Properties>
  <Prerequisites>
    <OSMinVersion>6.2</OSMinVersion>
    <OSMaxVersionTested>6.2</OSMaxVersionTested>
  </Prerequisites>
  <Resources>
    <Resource Language="en-US" />
  </Resources>
  <Applications>
    <Application Id="App" StartPage="default.html">
      <VisualElements DisplayName="_1blankspace" Logo="images\logo.png" SmallLogo="images\smalllogo.png" Description="_1blankspace" ForegroundText="light" BackgroundColor="#0084FF">
        <DefaultTile ShowName="true" />
        <SplashScreen Image="images\splashscreen.png" />
      </VisualElements>
    </Application>
  </Applications>
  <Capabilities>
    <Capability Name="internetClient" />
  </Capabilities>
</Package>